T_max,T_min,H_mean,W_speed
24.666666666666668,18.833333333333332,67.39333333333333,18.1
25.566666666666666,19.5,72.73333333333333,16.466666666666665
26.666666666666668,20.066666666666666,84.59,13.1
26.933333333333334,14.299999999999999,78.88333333333333,21.066666666666666
28.2,16.166666666666668,75.36,25.666666666666668
28.266666666666666,17.366666666666667,72.77666666666666,22.46666666666667
23.900000000000002,16.733333333333334,85.00333333333333,8.666666666666666
