T_max,T_min,H_mean,W_speed
10.633333333333333,3.9333333333333336,59.99,22.26666666666667
