T_max,T_min,H_mean,W_speed
-6.666666666666667,-14.733333333333334,36.843333333333334,25.599999999999998
-4.966666666666667,-14.1,45.27,17.099999999999998
