T_max,T_min,H_mean,W_speed
10.666666666666666,-6.0,66.17333333333333,15.166666666666666
10.366666666666667,-3.733333333333333,61.416666666666664,9.466666666666667
