T_max,T_min,H_mean,W_speed
21.333333333333332,17.433333333333334,80.95333333333333,9.633333333333333
