T_max,T_min,H_mean,W_speed
24.46666666666667,20.5,85.07000000000001,20.366666666666664
27.7,20.3,80.85000000000001,14.6
29.96666666666667,21.333333333333332,75.47,16.633333333333333
28.333333333333332,20.333333333333332,73.14,14.833333333333334
24.7,21.1,79.23,19.233333333333334
25.666666666666668,19.533333333333335,71.33333333333333,22.400000000000002
24.266666666666666,19.333333333333332,72.74666666666667,16.9
24.3,19.333333333333332,85.64,13.666666666666666
