T_max,T_min,H_mean,W_speed
29.333333333333332,18.733333333333334,65.85666666666667,13.799999999999999
29.96666666666667,18.0,65.88666666666667,25.566666666666666
30.96666666666667,18.8,61.416666666666664,19.666666666666668
27.3,19.633333333333333,67.34333333333333,15.433333333333332
