T_max,T_min,H_mean,W_speed
13.666666666666666,0.3333333333333333,69.92666666666666,16.633333333333336
