T_max,T_min,H_mean,W_speed
23.133333333333336,11.033333333333333,70.64333333333333,15.300000000000002
15.166666666666666,12.700000000000001,87.62,5.6000000000000005
