T_max,T_min,H_mean,W_speed
4.133333333333334,-1.0,32.43333333333334,20.933333333333334
