T_max,T_min,H_mean,W_speed
22.566666666666666,13.033333333333333,52.43333333333334,28.299999999999997
23.633333333333336,7.666666666666667,41.38999999999999,17.633333333333333
21.633333333333336,12.333333333333334,54.15333333333333,25.53333333333333
23.3,8.166666666666666,49.03,36.0
24.3,11.6,40.76,32.03333333333333
17.333333333333332,10.966666666666667,59.67666666666668,13.299999999999999
21.666666666666668,11.966666666666667,58.44,20.166666666666668
