T_max,T_min,H_mean,W_speed
14.0,2.533333333333333,59.15,26.866666666666664
15.666666666666666,1.9666666666666668,53.65666666666667,23.53333333333333
16.666666666666668,2.0,61.42333333333334,11.666666666666666
