T_max,T_min,H_mean,W_speed
2.6333333333333333,-5.066666666666666,47.073333333333345,21.766666666666666
0.0,-9.700000000000001,44.839999999999996,21.166666666666668
-2.6999999999999997,-10.366666666666667,48.39666666666667,38.53333333333333
